<?xml version="1.0" encoding="UTF-8" standalone="no" ?>
<SimscapeMultibodyImportXML version="2.0" xmlns="urn:mathworks:SimscapeMultibody:import" xmlns:xsi="http://www.w3.org/2001/XMLSchema-instance">
<Created by="" on="10/26/24||19:40:00" using="Simscape Multibody Link Version 7.4" from="SolidWorks 32.4.0"/>
<ModelUnits mass="kilogram" length="millimeter"/>
<DataUnits mass="kilogram" length="meter"/>
<RootAssembly name="cobot600_model" uid="cobot600_model" version="166">
<AssemblyFile name="cobot600_model.SLDASM" type="SolidWorks Assembly"/>
<InstanceTree>
<Instance name="joint3-1" uid="joint3-1" entityUid="joint3" rigid="true">
<Transform>
<Rotation>0.022702064824332693 0.99947677450948247 -0.023038955463152978 -0.00095178672797446872 -0.023023276912579625 -0.99973447615966071 -0.99974182184938953 0.022717965056933062 0.00042861280395888458</Rotation>
<Translation>-0.1122534220368986 0.069959956040679588 0.28118974893044557</Translation>
</Transform>
<Instance name="joint3.step-1" uid="joint3.step-1" grounded="true" entityUid="joint3.step" rigid="true">
<Transform>
<Rotation>1 0 0 0 1 0 0 0 1</Rotation>
<Translation>0 0 0</Translation>
</Transform>
<Instance name="J3_X_B2_X_BF_X_B7_X_D6-W.step-1" uid="J3_X_B2_X_BF_X_B7_X_D6-W.step-1" grounded="true" entityUid="J3_X_B2_X_BF_X_B7_X_D6-W.step*:*Default">
<Transform>
<Rotation>-1.9702121878406587e-15 0 -1 1.0221095251379601e-06 0.99999999999947764 0 0.99999999999947764 -1.0221095251379601e-06 -1.9702122516704154e-15</Rotation>
<Translation>-2.9697500014691514e-10 0.10528080385897901 -0.032490073357818977</Translation>
</Transform>
</Instance>
</Instance>
</Instance>
<Instance name="joint4-1" uid="joint4-1" entityUid="joint4" rigid="true">
<Transform>
<Rotation>-0.017847179006086664 0.99957525215866194 -0.023038955563838802 -1.7410246130051491e-05 -0.023042936332661766 -0.99973447613956601 -0.99984072626514287 -0.017842039040332214 0.0004286542607204591</Rotation>
<Translation>-0.11257025589419806 0.062473053783527611 0.29935485317766503</Translation>
</Transform>
<Instance name="joint4.step-1" uid="joint4.step-1" grounded="true" entityUid="joint4.step" rigid="true">
<Transform>
<Rotation>1 0 0 0 1 0 0 0 1</Rotation>
<Translation>0 0 0</Translation>
</Transform>
<Instance name="J4_X_B2_X_BF_X_B7_X_D6-W.step-1" uid="J4_X_B2_X_BF_X_B7_X_D6-W.step-1" grounded="true" entityUid="J4_X_B2_X_BF_X_B7_X_D6-W.step*:*Default">
<Transform>
<Rotation>1.9963956703061832e-15 0 1 -1.0221095330256154e-06 0.99999999999947764 0 -0.99999999999947764 -1.0221095330256154e-06 1.9963957234974624e-15</Rotation>
<Translation>0 0.35688057993245409 -0.088560330418195013</Translation>
</Transform>
</Instance>
</Instance>
</Instance>
<Instance name="joint1-1" uid="joint1-1" grounded="true" entityUid="joint1" rigid="true">
<Transform>
<Rotation>1 0 0 0 1 0 0 0 1</Rotation>
<Translation>0.081495057751277411 0.07727351037550792 0.076517553589497397</Translation>
</Transform>
<Instance name="joint1.step-1" uid="joint1.step-1" grounded="true" entityUid="joint1.step" rigid="true">
<Transform>
<Rotation>1 0 0 0 1 0 0 0 1</Rotation>
<Translation>0 0 0</Translation>
</Transform>
<Instance name="joint1.step.step-1" uid="joint1.step.step-1" grounded="true" entityUid="joint1.step.step" rigid="true">
<Transform>
<Rotation>1 0 0 0 1 0 0 0 1</Rotation>
<Translation>0 0 0</Translation>
</Transform>
<Instance name="J1_X_B2_X_BF_X_B7_X_D6-W.step.step-1" uid="J1_X_B2_X_BF_X_B7_X_D6-W.step.step-1" grounded="true" entityUid="J1_X_B2_X_BF_X_B7_X_D6-W.step.step*:*Default">
<Transform>
<Rotation>0.99965559722130581 0.018558092000367916 -0.018554895995946077 -0.018558092000373998 -3.9984547284226056e-15 -0.99982778378143988 -0.018554895995939995 0.99982778378143999 0.00034440277869023545</Rotation>
<Translation>0.00022021117051999883 -0.011866045847591003 0.011864002322045</Translation>
</Transform>
</Instance>
</Instance>
</Instance>
</Instance>
<Instance name="joint2-1" uid="joint2-1" entityUid="joint2" rigid="true">
<Transform>
<Rotation>0.99956232919687049 0.018558092000369463 -0.023037952856814675 -0.023041921049326512 5.3161685123481739e-15 -0.99973449969197159 -0.018553164821226823 0.99982778378143999 0.0004276140907039682</Rotation>
<Translation>0.085058159499245181 0.063188190701448058 0.27873566932099769</Translation>
</Transform>
<Instance name="joint2.step-1" uid="joint2.step-1" grounded="true" entityUid="joint2.step" rigid="true">
<Transform>
<Rotation>1 0 0 0 1 0 0 0 1</Rotation>
<Translation>0 0 0</Translation>
</Transform>
<Instance name="J2_X_B2_X_BF_X_B7_X_D6-W.step-1" uid="J2_X_B2_X_BF_X_B7_X_D6-W.step-1" grounded="true" entityUid="J2_X_B2_X_BF_X_B7_X_D6-W.step*:*Default">
<Transform>
<Rotation>1 0 0 0 1 0 0 0 1</Rotation>
<Translation>0.00013910741633595125 -0.042918281378200002 -0.15466849366868601</Translation>
</Transform>
</Instance>
</Instance>
</Instance>
<Instance name="joint6-2" uid="joint6-2" entityUid="joint6" rigid="true">
<Transform>
<Rotation>-0.99997519596769213 -0.00022264783273273403 -0.0070397356000497296 0.0070398296829690624 -0.00042464134998577497 -0.99997512992961912 0.00021965293263669628 -0.99999988505382675 0.00042619821998973089</Rotation>
<Translation>0.58686128157470985 0.045863192110809359 0.98513824749810308</Translation>
</Transform>
<Instance name="joint6.step-1" uid="joint6.step-1" grounded="true" entityUid="joint6.step" rigid="true">
<Transform>
<Rotation>1 0 0 0 1 0 0 0 1</Rotation>
<Translation>0 0 0</Translation>
</Transform>
<Instance name="J6_X_B2_X_BF_X_B7_X_D6-W.step-1" uid="J6_X_B2_X_BF_X_B7_X_D6-W.step-1" grounded="true" entityUid="J6_X_B2_X_BF_X_B7_X_D6-W.step*:*Default">
<Transform>
<Rotation>2.0055681900920004e-15 0 1.0000000000000002 -1.0221095230003065e-06 0.99999999999947786 0 -0.99999999999947764 -1.0221095229997102e-06 1.9953545874046692e-15</Rotation>
<Translation>-3.2841688923923584e-08 0.80473418613834025 -0.10980078827582999</Translation>
</Transform>
</Instance>
</Instance>
</Instance>
<Instance name="joint5-2" uid="joint5-2" entityUid="joint5" rigid="true">
<Transform>
<Rotation>-0.99973456678925543 -0.00022266418464365174 -0.023037933660830203 0.023038026682104407 -0.00042464110404498857 -0.99973449925794156 0.00021282221355276647 -0.99999988505029036 0.00042965813362030294</Rotation>
<Translation>0.5851115025988215 0.046189364352586061 0.98473849885140696</Translation>
</Transform>
<Instance name="joint5.step-1" uid="joint5.step-1" grounded="true" entityUid="joint5.step" rigid="true">
<Transform>
<Rotation>1 0 0 0 1 0 0 0 1</Rotation>
<Translation>0 0 0</Translation>
</Transform>
<Instance name="J5_X_B2_X_BF_X_B7_X_D6-W.step-1" uid="J5_X_B2_X_BF_X_B7_X_D6-W.step-1" grounded="true" entityUid="J5_X_B2_X_BF_X_B7_X_D6-W.step*:*Default">
<Transform>
<Rotation>1 0 -2.0090457452574244e-15 0 0.99999999999947764 1.02210953300592e-06 2.0090457632662913e-15 -1.02210953300592e-06 0.99999999999947764</Rotation>
<Translation>1.1990408665951691e-14 -0.0015051340404800273 -0.056499964108722982</Translation>
</Transform>
</Instance>
</Instance>
</Instance>
</InstanceTree>
<Constraints>
<Concentric name="Concentric1">
<ConstraintGeometry geomType="cylinder">
<InstancePath>
<Uid>joint1-1</Uid>
<Uid>joint1.step-1</Uid>
<Uid>joint1.step.step-1</Uid>
<Uid>J1_X_B2_X_BF_X_B7_X_D6-W.step.step-1</Uid>
</InstancePath>
<Position>0 0.049849188776761602 -5.4123372450476381e-16</Position>
<Axis>2.2204460492503131e-15 1 -9.2602791754159419e-15</Axis>
</ConstraintGeometry>
<ConstraintGeometry geomType="cylinder">
<InstancePath>
<Uid>joint2-1</Uid>
<Uid>joint2.step-1</Uid>
<Uid>J2_X_B2_X_BF_X_B7_X_D6-W.step-1</Uid>
</InstancePath>
<Position>7.9658502016854982e-15 0.011869000000000018 0.152445424314513</Position>
<Axis>0 -1 -1.3216424482598299e-16</Axis>
</ConstraintGeometry>
</Concentric>
<Coincident name="Coincident1">
<ConstraintGeometry geomType="plane">
<InstancePath>
<Uid>joint1-1</Uid>
<Uid>joint1.step-1</Uid>
<Uid>joint1.step.step-1</Uid>
<Uid>J1_X_B2_X_BF_X_B7_X_D6-W.step.step-1</Uid>
</InstancePath>
<Position>0 0.14983408763653999 -1.8041124150158794e-16</Position>
<Axis>0 1 1.1035660232860955e-14</Axis>
</ConstraintGeometry>
<ConstraintGeometry geomType="plane">
<InstancePath>
<Uid>joint2-1</Uid>
<Uid>joint2.step-1</Uid>
<Uid>J2_X_B2_X_BF_X_B7_X_D6-W.step-1</Uid>
</InstancePath>
<Position>0 0.00236900000000001 0</Position>
<Axis>0 -1 -1.3070057189312756e-16</Axis>
</ConstraintGeometry>
</Coincident>
<Concentric name="Concentric2">
<ConstraintGeometry geomType="cylinder">
<InstancePath>
<Uid>joint2-1</Uid>
<Uid>joint2.step-1</Uid>
<Uid>J2_X_B2_X_BF_X_B7_X_D6-W.step-1</Uid>
</InstancePath>
<Position>-2.9696704817450126e-10 0.049869127418954412 0.070945256459156697</Position>
<Axis>1.7934482702099477e-15 -1.0221095248851377e-06 -0.99999999999947797</Axis>
</ConstraintGeometry>
<ConstraintGeometry geomType="cylinder">
<InstancePath>
<Uid>joint3-1</Uid>
<Uid>joint3.step-1</Uid>
<Uid>J3_X_B2_X_BF_X_B7_X_D6-W.step-1</Uid>
</InstancePath>
<Position>-0.071099999999999955 0.092453461290151098 0</Position>
<Axis>1 1.3941992905216333e-16 -1.7840546748248975e-16</Axis>
</ConstraintGeometry>
</Concentric>
<Coincident name="Coincident2">
<ConstraintGeometry geomType="plane">
<InstancePath>
<Uid>joint2-1</Uid>
<Uid>joint2.step-1</Uid>
<Uid>J2_X_B2_X_BF_X_B7_X_D6-W.step-1</Uid>
</InstancePath>
<Position>-1.3877787807814457e-16 7.2513874488366881e-08 0.070945307430792859</Position>
<Axis>1.7926622236348957e-15 -1.0221095248427996e-06 -0.99999999999947797</Axis>
</ConstraintGeometry>
<ConstraintGeometry geomType="plane">
<InstancePath>
<Uid>joint3-1</Uid>
<Uid>joint3.step-1</Uid>
<Uid>J3_X_B2_X_BF_X_B7_X_D6-W.step-1</Uid>
</InstancePath>
<Position>-0.049009999999999984 0 0</Position>
<Axis>1 1.3932675542796535e-16 0</Axis>
</ConstraintGeometry>
</Coincident>
<Concentric name="Concentric3">
<ConstraintGeometry geomType="cylinder">
<InstancePath>
<Uid>joint3-1</Uid>
<Uid>joint3.step-1</Uid>
<Uid>J3_X_B2_X_BF_X_B7_X_D6-W.step-1</Uid>
</InstancePath>
<Position>-0.071099999999999955 0.34245346129901399 0</Position>
<Axis>1 1.3941992905216333e-16 -1.7840546748248975e-16</Axis>
</ConstraintGeometry>
<ConstraintGeometry geomType="cylinder">
<InstancePath>
<Uid>joint4-1</Uid>
<Uid>joint4.step-1</Uid>
<Uid>J4_X_B2_X_BF_X_B7_X_D6-W.step-1</Uid>
</InstancePath>
<Position>0.00043999999999988493 0.090953627915744434 0</Position>
<Axis>-1.0000000000000002 1.3535112158673257e-15 0</Axis>
</ConstraintGeometry>
</Concentric>
<Coincident name="Coincident3">
<ConstraintGeometry geomType="plane">
<InstancePath>
<Uid>joint3-1</Uid>
<Uid>joint3.step-1</Uid>
<Uid>J3_X_B2_X_BF_X_B7_X_D6-W.step-1</Uid>
</InstancePath>
<Position>-0.049009999999999984 0 0</Position>
<Axis>1 1.3932675542796535e-16 0</Axis>
</ConstraintGeometry>
<ConstraintGeometry geomType="plane">
<InstancePath>
<Uid>joint4-1</Uid>
<Uid>joint4.step-1</Uid>
<Uid>J4_X_B2_X_BF_X_B7_X_D6-W.step-1</Uid>
</InstancePath>
<Position>0.00043999999999988493 0.090953627915744434 0</Position>
<Axis>1.0000000000000002 -1.3535112158673257e-15 0</Axis>
</ConstraintGeometry>
</Coincident>
<Concentric name="Concentric4">
<ConstraintGeometry geomType="cylinder">
<InstancePath>
<Uid>joint4-1</Uid>
<Uid>joint4.step-1</Uid>
<Uid>J4_X_B2_X_BF_X_B7_X_D6-W.step-1</Uid>
</InstancePath>
<Position>-0.11082164491784202 0.34095362791574413 1.1435297153639112e-14</Position>
<Axis>1.0000000000000002 0 0</Axis>
</ConstraintGeometry>
<ConstraintGeometry geomType="cylinder">
<InstancePath>
<Uid>joint5-2</Uid>
<Uid>joint5.step-1</Uid>
<Uid>J5_X_B2_X_BF_X_B7_X_D6-W.step-1</Uid>
</InstancePath>
<Position>-3.3306690738754696e-16 0.69933937465769724 -0.0075000000000000067</Position>
<Axis>0 0 1</Axis>
</ConstraintGeometry>
</Concentric>
<Coincident name="Coincident4">
<ConstraintGeometry geomType="plane">
<InstancePath>
<Uid>joint4-1</Uid>
<Uid>joint4.step-1</Uid>
<Uid>J4_X_B2_X_BF_X_B7_X_D6-W.step-1</Uid>
</InstancePath>
<Position>-0.032559999999999992 0.30897114977165907 0.0010127766876092958</Position>
<Axis>1.0000000000000002 0 0</Axis>
</ConstraintGeometry>
<ConstraintGeometry geomType="plane">
<InstancePath>
<Uid>joint5-2</Uid>
<Uid>joint5.step-1</Uid>
<Uid>J5_X_B2_X_BF_X_B7_X_D6-W.step-1</Uid>
</InstancePath>
<Position>3.3306690738754696e-16 -8.0100286181661318e-08 0</Position>
<Axis>0 0 1</Axis>
</ConstraintGeometry>
</Coincident>
<Concentric name="Concentric5">
<ConstraintGeometry geomType="cylinder">
<InstancePath>
<Uid>joint5-2</Uid>
<Uid>joint5.step-1</Uid>
<Uid>J5_X_B2_X_BF_X_B7_X_D6-W.step-1</Uid>
</InstancePath>
<Position>4.3298697960381105e-15 0.67457772973985419 -0.053000000000006986</Position>
<Axis>-1.4010602573943931e-16 1.0000000000000002 0</Axis>
</ConstraintGeometry>
<ConstraintGeometry geomType="cylinder">
<InstancePath>
<Uid>joint6-2</Uid>
<Uid>joint6.step-1</Uid>
<Uid>J6_X_B2_X_BF_X_B7_X_D6-W.step-1</Uid>
</InstancePath>
<Position>0 -0.045499999999999985 3.2544727135430662e-08</Position>
<Axis>0 -1.0000000000000002 0</Axis>
</ConstraintGeometry>
</Concentric>
<Coincident name="Coincident6">
<ConstraintGeometry geomType="plane">
<InstancePath>
<Uid>joint5-2</Uid>
<Uid>joint5.step-1</Uid>
<Uid>J5_X_B2_X_BF_X_B7_X_D6-W.step-1</Uid>
</InstancePath>
<Position>0 0.75283937465769724 0</Position>
<Axis>0 1.0000000000000002 0</Axis>
</ConstraintGeometry>
<ConstraintGeometry geomType="plane">
<InstancePath>
<Uid>joint6-2</Uid>
<Uid>joint6.step-1</Uid>
<Uid>J6_X_B2_X_BF_X_B7_X_D6-W.step-1</Uid>
</InstancePath>
<Position>0.022631909844823495 -0.053000000000000019 -0.022623016327053547</Position>
<Axis>0 -1.0000000000000002 0</Axis>
</ConstraintGeometry>
</Coincident>
</Constraints>
</RootAssembly>
<Assemblies>
<Assembly name="joint3" uid="joint3" version="112">
<ModelUnits mass="kilogram" length="millimeter"/>
<AssemblyFile name="joint3.SLDASM" type="SolidWorks Assembly"/>
</Assembly>
<Assembly name="joint3.step" uid="joint3.step" version="103">
<ModelUnits mass="kilogram" length="millimeter"/>
<AssemblyFile name="joint3.step.SLDASM" type="SolidWorks Assembly"/>
</Assembly>
<Assembly name="joint4" uid="joint4" version="120">
<ModelUnits mass="kilogram" length="millimeter"/>
<AssemblyFile name="joint4.SLDASM" type="SolidWorks Assembly"/>
</Assembly>
<Assembly name="joint4.step" uid="joint4.step" version="103">
<ModelUnits mass="kilogram" length="millimeter"/>
<AssemblyFile name="joint4.step.SLDASM" type="SolidWorks Assembly"/>
</Assembly>
<Assembly name="joint1" uid="joint1" version="120">
<ModelUnits mass="kilogram" length="millimeter"/>
<AssemblyFile name="joint1.SLDASM" type="SolidWorks Assembly"/>
</Assembly>
<Assembly name="joint1.step" uid="joint1.step" version="103">
<ModelUnits mass="kilogram" length="millimeter"/>
<AssemblyFile name="joint1.step.SLDASM" type="SolidWorks Assembly"/>
</Assembly>
<Assembly name="joint1.step.step" uid="joint1.step.step" version="102">
<ModelUnits mass="kilogram" length="millimeter"/>
<AssemblyFile name="joint1.step.step.SLDASM" type="SolidWorks Assembly"/>
</Assembly>
<Assembly name="joint2" uid="joint2" version="105">
<ModelUnits mass="kilogram" length="millimeter"/>
<AssemblyFile name="joint2.SLDASM" type="SolidWorks Assembly"/>
</Assembly>
<Assembly name="joint2.step" uid="joint2.step" version="103">
<ModelUnits mass="kilogram" length="millimeter"/>
<AssemblyFile name="joint2.step.SLDASM" type="SolidWorks Assembly"/>
</Assembly>
<Assembly name="joint6" uid="joint6" version="105">
<ModelUnits mass="kilogram" length="millimeter"/>
<AssemblyFile name="joint6.SLDASM" type="SolidWorks Assembly"/>
</Assembly>
<Assembly name="joint6.step" uid="joint6.step" version="103">
<ModelUnits mass="kilogram" length="millimeter"/>
<AssemblyFile name="joint6.step.SLDASM" type="SolidWorks Assembly"/>
</Assembly>
<Assembly name="joint5" uid="joint5" version="107">
<ModelUnits mass="kilogram" length="millimeter"/>
<AssemblyFile name="joint5.SLDASM" type="SolidWorks Assembly"/>
</Assembly>
<Assembly name="joint5.step" uid="joint5.step" version="103">
<ModelUnits mass="kilogram" length="millimeter"/>
<AssemblyFile name="joint5.step.SLDASM" type="SolidWorks Assembly"/>
</Assembly>
</Assemblies>
<Parts>
<Part name="J1_X_B2_X_BF_X_B7_X_D6-W.step.step" uid="J1_X_B2_X_BF_X_B7_X_D6-W.step.step*:*Default" version="102">
<ModelUnits mass="kilogram" length="millimeter"/>
<PartFile name="J1_X_B2_X_BF_X_B7_X_D6-W.step.step.SLDPRT" type="SolidWorks Part"/>
<MassProperties>
<Mass>0.67313749982741033</Mass>
<CenterOfMass>-0.0068655122611758672 0.068195579262738268 -0.00022058402198452107</CenterOfMass>
<Inertia>0.002072956856089261 0.0012835155137814931 0.0022842755358322567 -4.1730878700821852e-06 -6.4517765594931527e-06 -0.00015500541618602558</Inertia>
</MassProperties>
<GeometryFile name="J1_X_B2_X_BF_X_B7_X_D6-W.step.step_Default_sldprt.STEP" type="STEP"/>
<VisualProperties>
<Ambient r="0.792156862745098" g="0.81960784313725488" b="0.93333333333333335" a="1"/>
<Diffuse r="0.792156862745098" g="0.81960784313725488" b="0.93333333333333335" a="1"/>
<Specular r="0.396078431372549" g="0.40980392156862744" b="0.46666666666666667" a="1"/>
<Emissive r="0" g="0" b="0" a="1"/>
<Shininess>0.3125</Shininess>
</VisualProperties>
</Part>
<Part name="J2_X_B2_X_BF_X_B7_X_D6-W.step" uid="J2_X_B2_X_BF_X_B7_X_D6-W.step*:*Default" version="102">
<ModelUnits mass="kilogram" length="millimeter"/>
<PartFile name="J2_X_B2_X_BF_X_B7_X_D6-W.step.SLDPRT" type="SolidWorks Part"/>
<MassProperties>
<Mass>0.23131779645055436</Mass>
<CenterOfMass>6.4936811678871488e-07 0.04266282377302736 0.1211290648574255</CenterOfMass>
<Inertia>0.00035108344718541936 0.00033271315014386517 0.0002276507620717722 5.3637663375816554e-05 2.4925414338946535e-09 -2.8514955984109614e-09</Inertia>
</MassProperties>
<GeometryFile name="J2_X_B2_X_BF_X_B7_X_D6-W.step_Default_sldprt.STEP" type="STEP"/>
<VisualProperties>
<Ambient r="0.792156862745098" g="0.81960784313725488" b="0.93333333333333335" a="1"/>
<Diffuse r="0.792156862745098" g="0.81960784313725488" b="0.93333333333333335" a="1"/>
<Specular r="0.396078431372549" g="0.40980392156862744" b="0.46666666666666667" a="1"/>
<Emissive r="0" g="0" b="0" a="1"/>
<Shininess>0.3125</Shininess>
</VisualProperties>
</Part>
<Part name="J3_X_B2_X_BF_X_B7_X_D6-W.step" uid="J3_X_B2_X_BF_X_B7_X_D6-W.step*:*Default" version="102">
<ModelUnits mass="kilogram" length="millimeter"/>
<PartFile name="J3_X_B2_X_BF_X_B7_X_D6-W.step.SLDPRT" type="SolidWorks Part"/>
<MassProperties>
<Mass>0.46592480530501063</Mass>
<CenterOfMass>-0.086744786571347418 0.21745689671541216 1.3095683856403522e-06</CenterOfMass>
<Inertia>0.0033969583101518619 0.00029408916878573049 0.0033213373638051784 -6.6400758610039451e-08 -3.7996136735989957e-09 1.4240196290422332e-07</Inertia>
</MassProperties>
<GeometryFile name="J3_X_B2_X_BF_X_B7_X_D6-W.step_Default_sldprt.STEP" type="STEP"/>
<VisualProperties>
<Ambient r="0.792156862745098" g="0.81960784313725488" b="0.93333333333333335" a="1"/>
<Diffuse r="0.792156862745098" g="0.81960784313725488" b="0.93333333333333335" a="1"/>
<Specular r="0.396078431372549" g="0.40980392156862744" b="0.46666666666666667" a="1"/>
<Emissive r="0" g="0" b="0" a="1"/>
<Shininess>0.3125</Shininess>
</VisualProperties>
</Part>
<Part name="J4_X_B2_X_BF_X_B7_X_D6-W.step" uid="J4_X_B2_X_BF_X_B7_X_D6-W.step*:*Default" version="102">
<ModelUnits mass="kilogram" length="millimeter"/>
<PartFile name="J4_X_B2_X_BF_X_B7_X_D6-W.step.SLDPRT" type="SolidWorks Part"/>
<MassProperties>
<Mass>0.60890245045283387</Mass>
<CenterOfMass>-0.073356284657544985 0.21869692171779925 -0.00019952213855300478</CenterOfMass>
<Inertia>0.0044619903954845703 0.00047586759643663905 0.0045285864262110207 1.4958788193599316e-05 6.5293834467212075e-07 -1.3746992915555901e-05</Inertia>
</MassProperties>
<GeometryFile name="J4_X_B2_X_BF_X_B7_X_D6-W.step_Default_sldprt.STEP" type="STEP"/>
<VisualProperties>
<Ambient r="0.792156862745098" g="0.81960784313725488" b="0.93333333333333335" a="1"/>
<Diffuse r="0.792156862745098" g="0.81960784313725488" b="0.93333333333333335" a="1"/>
<Specular r="0.396078431372549" g="0.40980392156862744" b="0.46666666666666667" a="1"/>
<Emissive r="0" g="0" b="0" a="1"/>
<Shininess>0.3125</Shininess>
</VisualProperties>
</Part>
<Part name="J5_X_B2_X_BF_X_B7_X_D6-W.step" uid="J5_X_B2_X_BF_X_B7_X_D6-W.step*:*Default" version="102">
<ModelUnits mass="kilogram" length="millimeter"/>
<PartFile name="J5_X_B2_X_BF_X_B7_X_D6-W.step.SLDPRT" type="SolidWorks Part"/>
<MassProperties>
<Mass>0.14243587243242448</Mass>
<CenterOfMass>0.00046029362430361154 0.71863465444961794 -0.049469878343469102</CenterOfMass>
<Inertia>0.00011752794075741942 9.617821236948166e-05 0.00010535386223366574 1.0865416228939019e-05 1.299084481409491e-07 -8.1215317580742156e-07</Inertia>
</MassProperties>
<GeometryFile name="J5_X_B2_X_BF_X_B7_X_D6-W.step_Default_sldprt.STEP" type="STEP"/>
<VisualProperties>
<Ambient r="0.792156862745098" g="0.81960784313725488" b="0.93333333333333335" a="1"/>
<Diffuse r="0.792156862745098" g="0.81960784313725488" b="0.93333333333333335" a="1"/>
<Specular r="0.396078431372549" g="0.40980392156862744" b="0.46666666666666667" a="1"/>
<Emissive r="0" g="0" b="0" a="1"/>
<Shininess>0.3125</Shininess>
</VisualProperties>
</Part>
<Part name="J6_X_B2_X_BF_X_B7_X_D6-W.step" uid="J6_X_B2_X_BF_X_B7_X_D6-W.step*:*Default" version="102">
<ModelUnits mass="kilogram" length="millimeter"/>
<PartFile name="J6_X_B2_X_BF_X_B7_X_D6-W.step.SLDPRT" type="SolidWorks Part"/>
<MassProperties>
<Mass>0.20912291067533101</Mass>
<CenterOfMass>0.020503046438799938 -0.0023294712461368328 -0.00010488027869170119</CenterOfMass>
<Inertia>0.00014798007382040376 0.00030427768239572482 0.00031858819102013463 -1.8615735583242506e-08 1.0904231490395235e-07 -6.0799512120835165e-06</Inertia>
</MassProperties>
<GeometryFile name="J6_X_B2_X_BF_X_B7_X_D6-W.step_Default_sldprt.STEP" type="STEP"/>
<VisualProperties>
<Ambient r="0.792156862745098" g="0.81960784313725488" b="0.93333333333333335" a="1"/>
<Diffuse r="0.792156862745098" g="0.81960784313725488" b="0.93333333333333335" a="1"/>
<Specular r="0.396078431372549" g="0.40980392156862744" b="0.46666666666666667" a="1"/>
<Emissive r="0" g="0" b="0" a="1"/>
<Shininess>0.3125</Shininess>
</VisualProperties>
</Part>
</Parts>
</SimscapeMultibodyImportXML>
