<?xml version="1.0" encoding="UTF-8" standalone="no" ?>
<SimscapeMultibodyImportXML version="2.0" xmlns="urn:mathworks:SimscapeMultibody:import" xmlns:xsi="http://www.w3.org/2001/XMLSchema-instance">
<Created by="" on="10/25/24||22:52:14" using="Simscape Multibody Link Version 7.4" from="SolidWorks 32.4.0"/>
<ModelUnits mass="kilogram" length="millimeter"/>
<DataUnits mass="kilogram" length="meter"/>
<RootAssembly name="cobot600_model" uid="cobot600_model" version="135">
<AssemblyFile name="cobot600_model.SLDASM" type="SolidWorks Assembly"/>
<InstanceTree>
<Instance name="joint4-1" uid="joint4-1" entityUid="joint4" rigid="true">
<Transform>
<Rotation>-0.13250248299900713 0.98068250307192972 -0.14389204344810858 0.016590734883713997 -0.14295736099966622 -0.98958978392666797 -0.99104381311580558 -0.13351037826545792 0.0026719618818777774</Rotation>
<Translation>-0.1080603643846075 0.086163223608377276 0.36260464375623241</Translation>
</Transform>
<Instance name="joint4.step-1" uid="joint4.step-1" grounded="true" entityUid="joint4.step" rigid="true">
<Transform>
<Rotation>1 0 0 0 1 0 0 0 1</Rotation>
<Translation>0 0 0</Translation>
</Transform>
<Instance name="J4_X_B2_X_BF_X_B7_X_D6-W.step-1" uid="J4_X_B2_X_BF_X_B7_X_D6-W.step-1" grounded="true" entityUid="J4_X_B2_X_BF_X_B7_X_D6-W.step*:*Default">
<Transform>
<Rotation>2.0005698486702528e-15 0 0.99999999999999978 -1.0221095329965963e-06 0.99999999999947753 0 -0.99999999999947753 -1.0221095329965963e-06 2.0005698202999692e-15</Rotation>
<Translation>0 0.35688057993245403 -0.088560330418194985</Translation>
</Transform>
</Instance>
</Instance>
</Instance>
<Instance name="joint2-1" uid="joint2-1" entityUid="joint2" rigid="true">
<Transform>
<Rotation>0.98941950660907318 0.018558092000368918 -0.14389106005156865 -0.14391584469413249 5.4618988368573818e-15 -0.9895899300447506 -0.018364900964408314 0.9998277837814401 0.0026708034861499148</Rotation>
<Translation>0.084790905602128555 0.063227557242563653 0.2787406298976996</Translation>
</Transform>
<Instance name="joint2.step-1" uid="joint2.step-1" grounded="true" entityUid="joint2.step" rigid="true">
<Transform>
<Rotation>1 0 0 0 1 0 0 0 1</Rotation>
<Translation>0 0 0</Translation>
</Transform>
<Instance name="J2_X_B2_X_BF_X_B7_X_D6-W.step-1" uid="J2_X_B2_X_BF_X_B7_X_D6-W.step-1" grounded="true" entityUid="J2_X_B2_X_BF_X_B7_X_D6-W.step*:*Default">
<Transform>
<Rotation>1 0 0 0 1 0 0 0 1</Rotation>
<Translation>0.0001391074163360484 -0.042918281378200002 -0.15466849366868604</Translation>
</Transform>
</Instance>
</Instance>
</Instance>
<Instance name="joint1-1" uid="joint1-1" grounded="true" entityUid="joint1" rigid="true">
<Transform>
<Rotation>1 0 0 0 1 0 0 0 1</Rotation>
<Translation>0.081495057751277411 0.07727351037550792 0.076517553589497397</Translation>
</Transform>
<Instance name="joint1.step-1" uid="joint1.step-1" grounded="true" entityUid="joint1.step" rigid="true">
<Transform>
<Rotation>1 0 0 0 1 0 0 0 1</Rotation>
<Translation>0 0 0</Translation>
</Transform>
<Instance name="joint1.step.step-1" uid="joint1.step.step-1" grounded="true" entityUid="joint1.step.step" rigid="true">
<Transform>
<Rotation>1 0 0 0 1 0 0 0 1</Rotation>
<Translation>0 0 0</Translation>
</Transform>
<Instance name="J1_X_B2_X_BF_X_B7_X_D6-W.step.step-1" uid="J1_X_B2_X_BF_X_B7_X_D6-W.step.step-1" grounded="true" entityUid="J1_X_B2_X_BF_X_B7_X_D6-W.step.step*:*Default">
<Transform>
<Rotation>0.99965559722130581 0.018558092000367916 -0.018554895995946077 -0.018558092000373998 -3.9984547284226056e-15 -0.99982778378143988 -0.018554895995939995 0.99982778378143999 0.00034440277869023545</Rotation>
<Translation>0.00022021117051999883 -0.011866045847591003 0.011864002322045</Translation>
</Transform>
</Instance>
</Instance>
</Instance>
</Instance>
<Instance name="joint3-1" uid="joint3-1" entityUid="joint3" rigid="true">
<Transform>
<Rotation>0.067353205807083011 0.98729864962620129 -0.14389205021052434 -0.012487063546050869 -0.14337410378101526 -0.98958978350071269 -0.99765105067428539 0.06844883352746059 0.0026717554574437908</Rotation>
<Translation>-0.10984538904151957 0.093757442380735717 0.27214718774070773</Translation>
</Transform>
<Instance name="joint3.step-1" uid="joint3.step-1" grounded="true" entityUid="joint3.step" rigid="true">
<Transform>
<Rotation>1 0 0 0 1 0 0 0 1</Rotation>
<Translation>0 0 0</Translation>
</Transform>
<Instance name="J3_X_B2_X_BF_X_B7_X_D6-W.step-1" uid="J3_X_B2_X_BF_X_B7_X_D6-W.step-1" grounded="true" entityUid="J3_X_B2_X_BF_X_B7_X_D6-W.step*:*Default">
<Transform>
<Rotation>-1.9997024869322644e-15 0 -0.99999999999999989 1.022109525046982e-06 0.99999999999947764 0 0.99999999999947742 -1.0221095249513554e-06 -2.0001361678012586e-15</Rotation>
<Translation>-2.9697505565806637e-10 0.10528080385897901 -0.032490073357819005</Translation>
</Transform>
</Instance>
</Instance>
</Instance>
<Instance name="joint5-1" uid="joint5-1" entityUid="joint5" rigid="true">
<Transform>
<Rotation>0.030959679276804476 0.98910898065520736 -0.14389205206089115 -0.0072002509441162731 -0.14373662550204869 -0.98958978313017454 -0.99949469965849214 0.031673441185014958 0.0026717930459229577</Rotation>
<Translation>-0.11415648601826386 0.085222636210574493 0.24733771674660454</Translation>
</Transform>
<Instance name="joint5.step-1" uid="joint5.step-1" grounded="true" entityUid="joint5.step" rigid="true">
<Transform>
<Rotation>1 0 0 0 1 0 0 0 1</Rotation>
<Translation>0 0 0</Translation>
</Transform>
<Instance name="J5_X_B2_X_BF_X_B7_X_D6-W.step-1" uid="J5_X_B2_X_BF_X_B7_X_D6-W.step-1" grounded="true" entityUid="J5_X_B2_X_BF_X_B7_X_D6-W.step*:*Default">
<Transform>
<Rotation>1 0 -2.000569841576898e-15 0 0.99999999999947764 1.0221095330069638e-06 2.0005698486702524e-15 -1.0221095330069638e-06 0.99999999999947764</Rotation>
<Translation>1.1934897514720433e-14 -0.0015051340404800134 -0.056499964108723003</Translation>
</Transform>
</Instance>
</Instance>
</Instance>
<Instance name="joint6-1" uid="joint6-1" entityUid="joint6" rigid="true">
<Transform>
<Rotation>-0.1466884282670998 0.98910914006250739 0.012067064984296256 -0.94503811843605412 -0.1437353138681752 0.29367177979857056 0.29220790495017557 0.031674415417249191 0.95583014793037602</Rotation>
<Translation>-0.097470991330065496 0.22588532875245268 0.35198260372590245</Translation>
</Transform>
<Instance name="joint6.step-1" uid="joint6.step-1" grounded="true" entityUid="joint6.step" rigid="true">
<Transform>
<Rotation>1 0 0 0 1 0 0 0 1</Rotation>
<Translation>0 0 0</Translation>
</Transform>
<Instance name="J6_X_B2_X_BF_X_B7_X_D6-W.step-1" uid="J6_X_B2_X_BF_X_B7_X_D6-W.step-1" grounded="true" entityUid="J6_X_B2_X_BF_X_B7_X_D6-W.step*:*Default">
<Transform>
<Rotation>2.1649348980190556e-15 0 1 -1.0221095229599744e-06 0.99999999999947764 0 -0.99999999999947764 -1.0221095229599741e-06 2.1649349192948536e-15</Rotation>
<Translation>-3.2841688965556948e-08 0.80473418613834014 -0.10980078827583001</Translation>
</Transform>
</Instance>
</Instance>
</Instance>
</InstanceTree>
<Constraints>
<Concentric name="Concentric1">
<ConstraintGeometry geomType="cylinder">
<InstancePath>
<Uid>joint1-1</Uid>
<Uid>joint1.step-1</Uid>
<Uid>joint1.step.step-1</Uid>
<Uid>J1_X_B2_X_BF_X_B7_X_D6-W.step.step-1</Uid>
</InstancePath>
<Position>0 0.049849188776761602 -5.4123372450476381e-16</Position>
<Axis>2.2204460492503131e-15 1 -9.2602791754159419e-15</Axis>
</ConstraintGeometry>
<ConstraintGeometry geomType="cylinder">
<InstancePath>
<Uid>joint2-1</Uid>
<Uid>joint2.step-1</Uid>
<Uid>J2_X_B2_X_BF_X_B7_X_D6-W.step-1</Uid>
</InstancePath>
<Position>7.8825834748386114e-15 0.011869000000000018 0.15244542431451302</Position>
<Axis>0 -1.0000000000000002 -1.1275702593849246e-16</Axis>
</ConstraintGeometry>
</Concentric>
<Coincident name="Coincident1">
<ConstraintGeometry geomType="plane">
<InstancePath>
<Uid>joint1-1</Uid>
<Uid>joint1.step-1</Uid>
<Uid>joint1.step.step-1</Uid>
<Uid>J1_X_B2_X_BF_X_B7_X_D6-W.step.step-1</Uid>
</InstancePath>
<Position>0 0.14983408763653999 -1.8041124150158794e-16</Position>
<Axis>0 1 1.1035660232860955e-14</Axis>
</ConstraintGeometry>
<ConstraintGeometry geomType="plane">
<InstancePath>
<Uid>joint2-1</Uid>
<Uid>joint2.step-1</Uid>
<Uid>J2_X_B2_X_BF_X_B7_X_D6-W.step-1</Uid>
</InstancePath>
<Position>0 0.00236900000000001 0</Position>
<Axis>0 -1.0000000000000002 -1.1145598333150986e-16</Axis>
</ConstraintGeometry>
</Coincident>
<Concentric name="Concentric2">
<ConstraintGeometry geomType="cylinder">
<InstancePath>
<Uid>joint2-1</Uid>
<Uid>joint2.step-1</Uid>
<Uid>J2_X_B2_X_BF_X_B7_X_D6-W.step-1</Uid>
</InstancePath>
<Position>-2.9696707593007687e-10 0.049869127418954412 0.070945256459156752</Position>
<Axis>2.4627584585372453e-15 -1.0221095248651342e-06 -0.99999999999947753</Axis>
</ConstraintGeometry>
<ConstraintGeometry geomType="cylinder">
<InstancePath>
<Uid>joint3-1</Uid>
<Uid>joint3.step-1</Uid>
<Uid>J3_X_B2_X_BF_X_B7_X_D6-W.step-1</Uid>
</InstancePath>
<Position>-0.071100000000000024 0.092453461290151098 0</Position>
<Axis>1.0000000000000002 0 -1.4961989980299961e-16</Axis>
</ConstraintGeometry>
</Concentric>
<Coincident name="Coincident2">
<ConstraintGeometry geomType="plane">
<InstancePath>
<Uid>joint2-1</Uid>
<Uid>joint2.step-1</Uid>
<Uid>J2_X_B2_X_BF_X_B7_X_D6-W.step-1</Uid>
</InstancePath>
<Position>-1.6653345369377348e-16 7.2513874460611305e-08 0.070945307430792914</Position>
<Axis>2.4619791882257713e-15 -1.0221095248226335e-06 -0.99999999999947753</Axis>
</ConstraintGeometry>
<ConstraintGeometry geomType="plane">
<InstancePath>
<Uid>joint3-1</Uid>
<Uid>joint3.step-1</Uid>
<Uid>J3_X_B2_X_BF_X_B7_X_D6-W.step-1</Uid>
</InstancePath>
<Position>-0.04900999999999997 0 0</Position>
<Axis>1.0000000000000002 0 0</Axis>
</ConstraintGeometry>
</Coincident>
<Concentric name="Concentric3">
<ConstraintGeometry geomType="cylinder">
<InstancePath>
<Uid>joint3-1</Uid>
<Uid>joint3.step-1</Uid>
<Uid>J3_X_B2_X_BF_X_B7_X_D6-W.step-1</Uid>
</InstancePath>
<Position>-0.071099999999999969 0.34245346129901399 0</Position>
<Axis>1.0000000000000002 0 -1.4961989980299961e-16</Axis>
</ConstraintGeometry>
<ConstraintGeometry geomType="cylinder">
<InstancePath>
<Uid>joint4-1</Uid>
<Uid>joint4.step-1</Uid>
<Uid>J4_X_B2_X_BF_X_B7_X_D6-W.step-1</Uid>
</InstancePath>
<Position>0.00043999999999982942 0.090953627915744351 0</Position>
<Axis>-1 1.3629505510315276e-15 0</Axis>
</ConstraintGeometry>
</Concentric>
<Coincident name="Coincident3">
<ConstraintGeometry geomType="plane">
<InstancePath>
<Uid>joint3-1</Uid>
<Uid>joint3.step-1</Uid>
<Uid>J3_X_B2_X_BF_X_B7_X_D6-W.step-1</Uid>
</InstancePath>
<Position>-0.04900999999999997 0 0</Position>
<Axis>1.0000000000000002 0 0</Axis>
</ConstraintGeometry>
<ConstraintGeometry geomType="plane">
<InstancePath>
<Uid>joint4-1</Uid>
<Uid>joint4.step-1</Uid>
<Uid>J4_X_B2_X_BF_X_B7_X_D6-W.step-1</Uid>
</InstancePath>
<Position>0.00043999999999982942 0.090953627915744351 0</Position>
<Axis>1 -1.3630047611401519e-15 0</Axis>
</ConstraintGeometry>
</Coincident>
<Concentric name="Concentric4">
<ConstraintGeometry geomType="cylinder">
<InstancePath>
<Uid>joint4-1</Uid>
<Uid>joint4.step-1</Uid>
<Uid>J4_X_B2_X_BF_X_B7_X_D6-W.step-1</Uid>
</InstancePath>
<Position>-0.11082164491784201 0.34095362791574402 1.1324274851176597e-14</Position>
<Axis>1.0000000000000002 0 0</Axis>
</ConstraintGeometry>
<ConstraintGeometry geomType="cylinder">
<InstancePath>
<Uid>joint5-1</Uid>
<Uid>joint5.step-1</Uid>
<Uid>J5_X_B2_X_BF_X_B7_X_D6-W.step-1</Uid>
</InstancePath>
<Position>-3.8857805861880479e-16 0.69933937465769691 -0.0075000000000000205</Position>
<Axis>0 0 1.0000000000000002</Axis>
</ConstraintGeometry>
</Concentric>
<Coincident name="Coincident6">
<ConstraintGeometry geomType="plane">
<InstancePath>
<Uid>joint4-1</Uid>
<Uid>joint4.step-1</Uid>
<Uid>J4_X_B2_X_BF_X_B7_X_D6-W.step-1</Uid>
</InstancePath>
<Position>-0.032560000000000019 0.30897114977165896 0.0010127766876092403</Position>
<Axis>1.0000000000000002 0 0</Axis>
</ConstraintGeometry>
<ConstraintGeometry geomType="plane">
<InstancePath>
<Uid>joint5-1</Uid>
<Uid>joint5.step-1</Uid>
<Uid>J5_X_B2_X_BF_X_B7_X_D6-W.step-1</Uid>
</InstancePath>
<Position>-4.4408920985006262e-16 0.69933937465769713 -0.0010000000000000009</Position>
<Axis>0 0 1.0000000000000002</Axis>
</ConstraintGeometry>
</Coincident>
<Concentric name="Concentric5">
<ConstraintGeometry geomType="cylinder">
<InstancePath>
<Uid>joint5-1</Uid>
<Uid>joint5.step-1</Uid>
<Uid>J5_X_B2_X_BF_X_B7_X_D6-W.step-1</Uid>
</InstancePath>
<Position>4.3853809472693683e-15 0.67457772973985408 -0.053000000000007028</Position>
<Axis>-1.3183898417423734e-16 1 0</Axis>
</ConstraintGeometry>
<ConstraintGeometry geomType="cylinder">
<InstancePath>
<Uid>joint6-1</Uid>
<Uid>joint6.step-1</Uid>
<Uid>J6_X_B2_X_BF_X_B7_X_D6-W.step-1</Uid>
</InstancePath>
<Position>0 -0.045499999999999985 3.254472714930845e-08</Position>
<Axis>0 -1 0</Axis>
</ConstraintGeometry>
</Concentric>
<Coincident name="Coincident7">
<ConstraintGeometry geomType="plane">
<InstancePath>
<Uid>joint5-1</Uid>
<Uid>joint5.step-1</Uid>
<Uid>J5_X_B2_X_BF_X_B7_X_D6-W.step-1</Uid>
</InstancePath>
<Position>0 0.75283937465769701 0</Position>
<Axis>0 1 0</Axis>
</ConstraintGeometry>
<ConstraintGeometry geomType="plane">
<InstancePath>
<Uid>joint6-1</Uid>
<Uid>joint6.step-1</Uid>
<Uid>J6_X_B2_X_BF_X_B7_X_D6-W.step-1</Uid>
</InstancePath>
<Position>0.022631909844823495 -0.053000000000000047 -0.022623016327053644</Position>
<Axis>0 -1 0</Axis>
</ConstraintGeometry>
</Coincident>
</Constraints>
</RootAssembly>
<Assemblies>
<Assembly name="joint4" uid="joint4" version="105">
<ModelUnits mass="kilogram" length="millimeter"/>
<AssemblyFile name="joint4.SLDASM" type="SolidWorks Assembly"/>
</Assembly>
<Assembly name="joint4.step" uid="joint4.step" version="103">
<ModelUnits mass="kilogram" length="millimeter"/>
<AssemblyFile name="joint4.step.SLDASM" type="SolidWorks Assembly"/>
</Assembly>
<Assembly name="joint2" uid="joint2" version="105">
<ModelUnits mass="kilogram" length="millimeter"/>
<AssemblyFile name="joint2.SLDASM" type="SolidWorks Assembly"/>
</Assembly>
<Assembly name="joint2.step" uid="joint2.step" version="103">
<ModelUnits mass="kilogram" length="millimeter"/>
<AssemblyFile name="joint2.step.SLDASM" type="SolidWorks Assembly"/>
</Assembly>
<Assembly name="joint1" uid="joint1" version="120">
<ModelUnits mass="kilogram" length="millimeter"/>
<AssemblyFile name="joint1.SLDASM" type="SolidWorks Assembly"/>
</Assembly>
<Assembly name="joint1.step" uid="joint1.step" version="103">
<ModelUnits mass="kilogram" length="millimeter"/>
<AssemblyFile name="joint1.step.SLDASM" type="SolidWorks Assembly"/>
</Assembly>
<Assembly name="joint1.step.step" uid="joint1.step.step" version="102">
<ModelUnits mass="kilogram" length="millimeter"/>
<AssemblyFile name="joint1.step.step.SLDASM" type="SolidWorks Assembly"/>
</Assembly>
<Assembly name="joint3" uid="joint3" version="107">
<ModelUnits mass="kilogram" length="millimeter"/>
<AssemblyFile name="joint3.SLDASM" type="SolidWorks Assembly"/>
</Assembly>
<Assembly name="joint3.step" uid="joint3.step" version="103">
<ModelUnits mass="kilogram" length="millimeter"/>
<AssemblyFile name="joint3.step.SLDASM" type="SolidWorks Assembly"/>
</Assembly>
<Assembly name="joint5" uid="joint5" version="107">
<ModelUnits mass="kilogram" length="millimeter"/>
<AssemblyFile name="joint5.SLDASM" type="SolidWorks Assembly"/>
</Assembly>
<Assembly name="joint5.step" uid="joint5.step" version="103">
<ModelUnits mass="kilogram" length="millimeter"/>
<AssemblyFile name="joint5.step.SLDASM" type="SolidWorks Assembly"/>
</Assembly>
<Assembly name="joint6" uid="joint6" version="105">
<ModelUnits mass="kilogram" length="millimeter"/>
<AssemblyFile name="joint6.SLDASM" type="SolidWorks Assembly"/>
</Assembly>
<Assembly name="joint6.step" uid="joint6.step" version="103">
<ModelUnits mass="kilogram" length="millimeter"/>
<AssemblyFile name="joint6.step.SLDASM" type="SolidWorks Assembly"/>
</Assembly>
</Assemblies>
<Parts>
<Part name="J1_X_B2_X_BF_X_B7_X_D6-W.step.step" uid="J1_X_B2_X_BF_X_B7_X_D6-W.step.step*:*Default" version="102">
<ModelUnits mass="kilogram" length="millimeter"/>
<PartFile name="J1_X_B2_X_BF_X_B7_X_D6-W.step.step.SLDPRT" type="SolidWorks Part"/>
<MassProperties>
<Mass>0.67313749982895787</Mass>
<CenterOfMass>-0.0068655122613146486 0.068195579262630854 -0.00022058402206776511</CenterOfMass>
<Inertia>0.0020729568560945021 0.001283515513788602 0.0022842755358408419 -4.1730878722157308e-06 -6.4517765620485012e-06 -0.00015500541619047208</Inertia>
</MassProperties>
<GeometryFile name="J1_X_B2_X_BF_X_B7_X_D6-W.step.step_Default_sldprt.STEP" type="STEP"/>
<VisualProperties>
<Ambient r="0.792156862745098" g="0.81960784313725488" b="0.93333333333333335" a="1"/>
<Diffuse r="0.792156862745098" g="0.81960784313725488" b="0.93333333333333335" a="1"/>
<Specular r="0.396078431372549" g="0.40980392156862744" b="0.46666666666666667" a="1"/>
<Emissive r="0" g="0" b="0" a="1"/>
<Shininess>0.3125</Shininess>
</VisualProperties>
</Part>
<Part name="J2_X_B2_X_BF_X_B7_X_D6-W.step" uid="J2_X_B2_X_BF_X_B7_X_D6-W.step*:*Default" version="102">
<ModelUnits mass="kilogram" length="millimeter"/>
<PartFile name="J2_X_B2_X_BF_X_B7_X_D6-W.step.SLDPRT" type="SolidWorks Part"/>
<MassProperties>
<Mass>0.23131779645055428</Mass>
<CenterOfMass>6.4936811679054595e-07 0.042662823773027353 0.12112906485742549</CenterOfMass>
<Inertia>0.0003510834471854192 0.00033271315014386506 0.00022765076207177215 5.3637663375816622e-05 2.4925414338723808e-09 -2.8514955984188163e-09</Inertia>
</MassProperties>
<GeometryFile name="J2_X_B2_X_BF_X_B7_X_D6-W.step_Default_sldprt.STEP" type="STEP"/>
<VisualProperties>
<Ambient r="0.792156862745098" g="0.81960784313725488" b="0.93333333333333335" a="1"/>
<Diffuse r="0.792156862745098" g="0.81960784313725488" b="0.93333333333333335" a="1"/>
<Specular r="0.396078431372549" g="0.40980392156862744" b="0.46666666666666667" a="1"/>
<Emissive r="0" g="0" b="0" a="1"/>
<Shininess>0.3125</Shininess>
</VisualProperties>
</Part>
<Part name="J3_X_B2_X_BF_X_B7_X_D6-W.step" uid="J3_X_B2_X_BF_X_B7_X_D6-W.step*:*Default" version="102">
<ModelUnits mass="kilogram" length="millimeter"/>
<PartFile name="J3_X_B2_X_BF_X_B7_X_D6-W.step.SLDPRT" type="SolidWorks Part"/>
<MassProperties>
<Mass>0.46592480530534358</Mass>
<CenterOfMass>-0.086744786571336552 0.21745689671541216 1.3095683823518393e-06</CenterOfMass>
<Inertia>0.0033969583101533083 0.00029408916878581853 0.0033213373638066976 -6.6400758610053334e-08 -3.7996136489208835e-09 1.4240196290425452e-07</Inertia>
</MassProperties>
<GeometryFile name="J3_X_B2_X_BF_X_B7_X_D6-W.step_Default_sldprt.STEP" type="STEP"/>
<VisualProperties>
<Ambient r="0.792156862745098" g="0.81960784313725488" b="0.93333333333333335" a="1"/>
<Diffuse r="0.792156862745098" g="0.81960784313725488" b="0.93333333333333335" a="1"/>
<Specular r="0.396078431372549" g="0.40980392156862744" b="0.46666666666666667" a="1"/>
<Emissive r="0" g="0" b="0" a="1"/>
<Shininess>0.3125</Shininess>
</VisualProperties>
</Part>
<Part name="J4_X_B2_X_BF_X_B7_X_D6-W.step" uid="J4_X_B2_X_BF_X_B7_X_D6-W.step*:*Default" version="102">
<ModelUnits mass="kilogram" length="millimeter"/>
<PartFile name="J4_X_B2_X_BF_X_B7_X_D6-W.step.SLDPRT" type="SolidWorks Part"/>
<MassProperties>
<Mass>0.60890245044776525</Mass>
<CenterOfMass>-0.073356284657397755 0.21869692171718072 -0.00019952213864127941</CenterOfMass>
<Inertia>0.0044619903954405188 0.00047586759643387732 0.0045285864261662466 1.4958788198979578e-05 6.5293834389096049e-07 -1.3746992920886706e-05</Inertia>
</MassProperties>
<GeometryFile name="J4_X_B2_X_BF_X_B7_X_D6-W.step_Default_sldprt.STEP" type="STEP"/>
<VisualProperties>
<Ambient r="0.792156862745098" g="0.81960784313725488" b="0.93333333333333335" a="1"/>
<Diffuse r="0.792156862745098" g="0.81960784313725488" b="0.93333333333333335" a="1"/>
<Specular r="0.396078431372549" g="0.40980392156862744" b="0.46666666666666667" a="1"/>
<Emissive r="0" g="0" b="0" a="1"/>
<Shininess>0.3125</Shininess>
</VisualProperties>
</Part>
<Part name="J5_X_B2_X_BF_X_B7_X_D6-W.step" uid="J5_X_B2_X_BF_X_B7_X_D6-W.step*:*Default" version="102">
<ModelUnits mass="kilogram" length="millimeter"/>
<PartFile name="J5_X_B2_X_BF_X_B7_X_D6-W.step.SLDPRT" type="SolidWorks Part"/>
<MassProperties>
<Mass>0.14243586959399845</Mass>
<CenterOfMass>0.00046029324789279832 0.71863465499494672 -0.049469878857317157</CenterOfMass>
<Inertia>0.0001175279366653985 9.6178209320511485e-05 0.00010535385902275971 1.08654142234327e-05 1.2990990364504163e-07 -8.1215464358591634e-07</Inertia>
</MassProperties>
<GeometryFile name="J5_X_B2_X_BF_X_B7_X_D6-W.step_Default_sldprt.STEP" type="STEP"/>
<VisualProperties>
<Ambient r="0.792156862745098" g="0.81960784313725488" b="0.93333333333333335" a="1"/>
<Diffuse r="0.792156862745098" g="0.81960784313725488" b="0.93333333333333335" a="1"/>
<Specular r="0.396078431372549" g="0.40980392156862744" b="0.46666666666666667" a="1"/>
<Emissive r="0" g="0" b="0" a="1"/>
<Shininess>0.3125</Shininess>
</VisualProperties>
</Part>
<Part name="J6_X_B2_X_BF_X_B7_X_D6-W.step" uid="J6_X_B2_X_BF_X_B7_X_D6-W.step*:*Default" version="102">
<ModelUnits mass="kilogram" length="millimeter"/>
<PartFile name="J6_X_B2_X_BF_X_B7_X_D6-W.step.SLDPRT" type="SolidWorks Part"/>
<MassProperties>
<Mass>0.20912291067533098</Mass>
<CenterOfMass>0.020503046438799941 -0.0023294712461368328 -0.0001048802786917009</CenterOfMass>
<Inertia>0.00014798007382040479 0.00030427768239572471 0.00031858819102013566 -1.86157355832515e-08 1.0904231490395817e-07 -6.079951212083497e-06</Inertia>
</MassProperties>
<GeometryFile name="J6_X_B2_X_BF_X_B7_X_D6-W.step_Default_sldprt.STEP" type="STEP"/>
<VisualProperties>
<Ambient r="0.792156862745098" g="0.81960784313725488" b="0.93333333333333335" a="1"/>
<Diffuse r="0.792156862745098" g="0.81960784313725488" b="0.93333333333333335" a="1"/>
<Specular r="0.396078431372549" g="0.40980392156862744" b="0.46666666666666667" a="1"/>
<Emissive r="0" g="0" b="0" a="1"/>
<Shininess>0.3125</Shininess>
</VisualProperties>
</Part>
</Parts>
</SimscapeMultibodyImportXML>
